,DatasetName,NofTrainSamples,NofClasses,Shilhouette,VMesure,AdjRandIndex,Purity,DBScore,FMS,AMIS
0,ECG5000,500,5,0,0.5207832376183058,0.4481450152909665,0.92,1.9548124154419235,0.6589892449053025,0.5139463596910204
